<!DOCTYPE hibernate-configuration PUBLIC
        "-//Hibernate/Hibernate Configuration DTD 3.0//EN"
        "http://hibernate.sourceforge.net/hibernate-configuration-3.0.dtd">
<hibernate-configuration>
    <session-factory>
        <property name="hibernate.connection.driver_class">com.mysql.jdbc.Driver</property>
        <property name="hibernate.connection.url">jdbc:mysql://localhost:3306/MYHIBER</property>
        <property name="hibernate.connection.username">root</property>
        <property name="hibernate.connection.password">121200</property>
        <property name="hbm2ddl.auto">update</property>
        <property name="hibernate.dialect">org.hibernate.dialect.MySQLDialect</property>
        <property name="hibernate.format_sql">true</property>
        <property name="hibernate.show_sql">true</property>

        <mapping class="Models.Student" />

    </session-factory>
</hibernate-configuration>